[
  { "id": "andhra-pradesh", "name": "Andhra Pradesh", "code_mospi": "28", "type": "state", "population": 49386799, "area_sq_km": 162968, "region": "South" },
  { "id": "arunachal-pradesh", "name": "Arunachal Pradesh", "code_mospi": "12", "type": "state", "population": 1383727, "area_sq_km": 83743, "region": "Northeast" },
  { "id": "assam", "name": "Assam", "code_mospi": "18", "type": "state", "population": 31205576, "area_sq_km": 78438, "region": "Northeast" },
  { "id": "bihar", "name": "Bihar", "code_mospi": "10", "type": "state", "population": 104099452, "area_sq_km": 94163, "region": "East" },
  { "id": "chhattisgarh", "name": "Chhattisgarh", "code_mospi": "22", "type": "state", "population": 25545198, "area_sq_km": 135192, "region": "Central" },
  { "id": "goa", "name": "Goa", "code_mospi": "30", "type": "state", "population": 1458545, "area_sq_km": 3702, "region": "West" },
  { "id": "gujarat", "name": "Gujarat", "code_mospi": "24", "type": "state", "population": 60439692, "area_sq_km": 196024, "region": "West" },
  { "id": "haryana", "name": "Haryana", "code_mospi": "06", "type": "state", "population": 25351462, "area_sq_km": 44212, "region": "North" },
  { "id": "himachal-pradesh", "name": "Himachal Pradesh", "code_mospi": "02", "type": "state", "population": 6864602, "area_sq_km": 55673, "region": "North" },
  { "id": "jharkhand", "name": "Jharkhand", "code_mospi": "20", "type": "state", "population": 32988134, "area_sq_km": 79710, "region": "East" },
  { "id": "karnataka", "name": "Karnataka", "code_mospi": "29", "type": "state", "population": 61095297, "area_sq_km": 191791, "region": "South" },
  { "id": "kerala", "name": "Kerala", "code_mospi": "32", "type": "state", "population": 33406061, "area_sq_km": 38863, "region": "South" },
  { "id": "madhya-pradesh", "name": "Madhya Pradesh", "code_mospi": "23", "type": "state", "population": 72626809, "area_sq_km": 308252, "region": "Central" },
  { "id": "maharashtra", "name": "Maharashtra", "code_mospi": "27", "type": "state", "population": 112374333, "area_sq_km": 307713, "region": "West" },
  { "id": "manipur", "name": "Manipur", "code_mospi": "14", "type": "state", "population": 2855794, "area_sq_km": 22327, "region": "Northeast" },
  { "id": "meghalaya", "name": "Meghalaya", "code_mospi": "17", "type": "state", "population": 2966889, "area_sq_km": 22429, "region": "Northeast" },
  { "id": "mizoram", "name": "Mizoram", "code_mospi": "15", "type": "state", "population": 1097206, "area_sq_km": 21081, "region": "Northeast" },
  { "id": "nagaland", "name": "Nagaland", "code_mospi": "13", "type": "state", "population": 1978502, "area_sq_km": 16579, "region": "Northeast" },
  { "id": "odisha", "name": "Odisha", "code_mospi": "21", "type": "state", "population": 41974218, "area_sq_km": 155707, "region": "East" },
  { "id": "punjab", "name": "Punjab", "code_mospi": "03", "type": "state", "population": 27743338, "area_sq_km": 50362, "region": "North" },
  { "id": "rajasthan", "name": "Rajasthan", "code_mospi": "08", "type": "state", "population": 68548437, "area_sq_km": 342239, "region": "West" },
  { "id": "sikkim", "name": "Sikkim", "code_mospi": "11", "type": "state", "population": 610577, "area_sq_km": 7096, "region": "Northeast" },
  { "id": "tamil-nadu", "name": "Tamil Nadu", "code_mospi": "33", "type": "state", "population": 72147030, "area_sq_km": 130060, "region": "South" },
  { "id": "telangana", "name": "Telangana", "code_mospi": "36", "type": "state", "population": 35003674, "area_sq_km": 112077, "region": "South" },
  { "id": "tripura", "name": "Tripura", "code_mospi": "16", "type": "state", "population": 3673917, "area_sq_km": 10486, "region": "Northeast" },
  { "id": "uttar-pradesh", "name": "Uttar Pradesh", "code_mospi": "09", "type": "state", "population": 199812341, "area_sq_km": 240928, "region": "North" },
  { "id": "uttarakhand", "name": "Uttarakhand", "code_mospi": "05", "type": "state", "population": 10086292, "area_sq_km": 53483, "region": "North" },
  { "id": "west-bengal", "name": "West Bengal", "code_mospi": "19", "type": "state", "population": 91276115, "area_sq_km": 88752, "region": "East" },
  { "id": "andaman-nicobar", "name": "Andaman & Nicobar Islands", "code_mospi": "35", "type": "ut", "population": 380581, "area_sq_km": 8249, "region": "Islands" },
  { "id": "chandigarh", "name": "Chandigarh", "code_mospi": "04", "type": "ut", "population": 1055450, "area_sq_km": 114, "region": "North" },
  { "id": "dadra-nagar-haveli-daman-diu", "name": "Dadra & Nagar Haveli and Daman & Diu", "code_mospi": "26", "type": "ut", "population": 585764, "area_sq_km": 603, "region": "West" },
  { "id": "delhi", "name": "Delhi", "code_mospi": "07", "type": "ut", "population": 16787941, "area_sq_km": 1484, "region": "North" },
  { "id": "jammu-kashmir", "name": "Jammu & Kashmir", "code_mospi": "01", "type": "ut", "population": 12267032, "area_sq_km": 42241, "region": "North" },
  { "id": "ladakh", "name": "Ladakh", "code_mospi": "37", "type": "ut", "population": 274289, "area_sq_km": 59146, "region": "North" },
  { "id": "lakshadweep", "name": "Lakshadweep", "code_mospi": "31", "type": "ut", "population": 64473, "area_sq_km": 32, "region": "Islands" },
  { "id": "puducherry", "name": "Puducherry", "code_mospi": "34", "type": "ut", "population": 1247953, "area_sq_km": 479, "region": "South" }
]
